{"cameraMode":{"drawMode":0,"name":"Shaded","section":"Shading Mode"},"sceneLighting":true,"audioPlay":false,"sceneViewState":{"m_AlwaysRefresh":false,"showFog":true,"showSkybox":true,"showFlares":true,"showImageEffects":true,"showParticleSystems":true,"showVisualEffectGraphs":true,"m_FxEnabled":true},"in2DMode":false,"pivot":{"x":-0.9652608036994934,"y":10.208991050720215,"z":-13.137921333312989},"rotation":{"x":-0.09286774694919586,"y":-0.007783811539411545,"z":0.0008201150340028107,"w":-0.9957286715507507},"size":0.9457213878631592,"orthographic":false}